{
    "model_name": "cnn_deep",
    "train_losses": [
        3.3789036635073386,
        3.1763834724307025,
        3.069265832816989,
        2.986761187450152,
        2.931036558636348,
        2.882537262925508,
        2.8350263916995586,
        2.791087214260421,
        2.7593241686440217,
        2.725445971498438,
        2.6803611902799007,
        2.649811229505265,
        2.6232109817804075,
        2.601309918042915,
        2.5615699824435905,
        2.538117353737981,
        2.5131866788958988,
        2.4894817836855787,
        2.4643074484432446,
        2.4434239508652422,
        2.419173820888024,
        2.3920961503584164,
        2.3679703576688773,
        2.3488941116744937,
        2.3321580282494776,
        2.304643169998208,
        2.2831915069215842,
        2.267478270231238,
        2.2386547949341895,
        2.224825829259033
    ],
    "val_losses": [
        3.476144997156896,
        3.8871880780908663,
        3.405621564669445,
        3.2385185981006845,
        2.9912988110407066,
        2.9916544873865534,
        2.94044424817453,
        2.929797090973221,
        3.1796604903389967,
        2.970029548543121,
        2.8831155012195238,
        2.8935064178666257,
        2.878381515030293,
        2.800985838751049,
        2.764893519061978,
        2.77839429529596,
        2.7450320782326743,
        2.7171604712600903,
        2.7291952069763026,
        2.6968053832383414,
        2.9022148633145513,
        2.875975779831223,
        2.741286797833802,
        2.772165951589252,
        2.779215093701019,
        2.695362892161719,
        2.7051542086437297,
        2.7003898631445757,
        2.7284913817804353,
        2.7664710324269257
    ],
    "extras": {
        "lr": 0.001,
        "batch_size": 32,
        "epochs": 30
    }
}